,A,B,C,D
2000-01-01,0.8276211397777208,-0.2817819380928978,-0.16693707072971928,-0.8691036847341758
2000-01-02,1.3980774896393227,-0.39523376275821065,1.6254376575710259,-0.765463190593548
2000-01-03,2.92034044234315,-1.696290385460455,1.6473472985625512,-1.2405264057714416
2000-01-04,3.7879897071432125,-2.8731067022042094,1.6417269832740249,-1.5861593832936198
2000-01-05,2.888085563503063,-1.6526031381843294,1.7693167006649224,-2.383966620667408
2000-01-06,3.108331132088866,-3.5072318432199507,0.4345520921982948,-1.2438711654554218
2000-01-07,3.7247559296569905,-4.451209795233223,0.43147390789900036,-2.4809202670091026
2000-01-08,3.887004706935967,-7.194912406538704,-0.18065207459456584,-2.935082844924624
2000-01-09,4.488748930887096,-6.77664586655426,0.3924860204790635,-2.3293304250721136
2000-01-10,5.351116826523845,-5.79864791277111,0.9752878152404367,-2.3414064627966007
2000-01-11,6.241103537953536,-5.76629878856277,1.6917882310475636,-2.4750983441057848
2000-01-12,5.081402444076293,-7.87630317338377,2.238460808324109,-0.7229571322157431
2000-01-13,7.73476223377018,-7.6776786181398435,1.53986963335407,-1.2976465875094136
2000-01-14,8.945209013801609,-7.988287813799204,2.1307237962510204,-1.0778451317326327
2000-01-15,10.718107894757855,-8.102611977784322,3.117619480837009,1.2715671703966334
2000-01-16,10.524700967094205,-7.825712860653759,3.198158795718164,1.5853678026243712
2000-01-17,10.262763149637387,-7.520211332669817,3.3889221123433733,1.2779765034271662
2000-01-18,10.307590625632338,-9.375975447815458,1.657388765673266,0.5309365108719087
2000-01-19,11.139462789046636,-9.429762829502872,1.2576914110592383,0.055412101769976296
2000-01-20,8.84292662868252,-8.810075820085453,2.404331581032346,-1.648163259350413
2000-01-21,7.934696177012046,-8.049050087598806,1.2063327424005532,-1.7480035752858132
2000-01-22,7.218799836847982,-7.023155589692234,1.3280553444350505,-3.170133344933367
2000-01-23,8.367652194807205,-8.815438955303204,2.7772675399979123,-2.531008387735156
2000-01-24,8.372339074264989,-9.04588569428207,2.8821555417739986,-4.962207072693106
2000-01-25,9.564312701840658,-8.455762132334069,0.6573107873204345,-4.322786101783476
2000-01-26,8.846203372971038,-9.547416180269988,1.2190368392311015,-4.748908545049616
2000-01-27,8.446863573756946,-10.785142372171665,2.5421824469469136,-5.50472054733584
2000-01-28,7.715828433152242,-10.308464984871037,3.6796356685076415,-6.140708511062833
2000-01-29,7.119375968793281,-10.32072331516946,6.303990976400103,-5.4761665423882535
2000-01-30,7.319562482136231,-8.842018695797726,5.9163567567242765,-6.068416319003967
2000-01-31,8.310437060306143,-8.864643913862471,5.727010592918697,-7.190735990295799
2000-02-01,8.318674339033661,-7.845829788195724,5.1432890024104365,-7.59124981561585
2000-02-02,7.83481520876313,-8.81596948152913,5.883214182636382,-8.241231351422936
2000-02-03,6.945405772233985,-8.24869276869545,5.820991061803837,-6.164983346365979
2000-02-04,7.267444245454393,-7.784570601104079,6.03355283035218,-6.878948428289268
2000-02-05,5.641865750460406,-10.162543312730246,6.466547725635436,-6.844582108659379
2000-02-06,4.832673044114421,-10.269501480035588,5.612390998561497,-6.454924214533846
2000-02-07,4.989056988747212,-10.85705141196386,5.074846787574925,-6.905115554717107
2000-02-08,4.801000654892707,-12.919801375909673,6.0474193929635565,-7.780077442548406
2000-02-09,2.450077409272943,-14.344192193941739,4.727978677911995,-8.542936610137373
2000-02-10,3.502875105906095,-15.628128376706433,3.4503604963503465,-9.911934477296066
2000-02-11,2.381896503593585,-15.700093457255276,4.05157794183996,-9.505283190611
2000-02-12,2.8648382171112114,-16.089659719845304,4.308505531948467,-9.277922528629896
2000-02-13,5.113269925381369,-15.591149204156153,4.111998902047635,-11.442140497181157
2000-02-14,5.342989591545951,-17.51150018347361,7.392086342034502,-11.934598515979044
2000-02-15,5.91170097682862,-17.49609224766211,6.799660041082389,-11.464324956157348
2000-02-16,6.898787543751802,-16.42009307468468,7.309697243125479,-12.482434896700806
2000-02-17,6.831924590563946,-16.548692291221304,7.7500285749555005,-13.019417339061349
2000-02-18,8.669098920297149,-16.205370506700365,7.663915217334448,-10.530406783764917
2000-02-19,8.318061980440865,-15.892252277426364,7.466171776332782,-9.117294665887387
2000-02-20,5.642032359596344,-15.618288351897466,7.199338140190657,-9.071482504397355
2000-02-21,5.778064518354406,-15.916867160944916,6.984566784714309,-10.795082098724556
2000-02-22,5.857312148855793,-16.797865714917446,7.572530431331996,-10.504529913006008
2000-02-23,5.565161961469051,-16.076574460612434,6.524319170231884,-10.282407276780281
2000-02-24,4.768020140190148,-15.300605488332552,4.890872976251137,-9.745089813381753
2000-02-25,5.072539501989782,-15.679524643877013,5.045912223441815,-8.168616077477417
2000-02-26,4.036953869637305,-14.104838620190302,5.779308257525136,-8.333610712966994
2000-02-27,3.5517456633803923,-13.547775496911326,4.50673252812085,-9.528860295221252
2000-02-28,0.8641248492784728,-15.119552677457293,3.9606689165029128,-10.483402204934837
2000-02-29,1.6599118573095422,-15.212435718478883,5.165679770272106,-10.747952247278805
2000-03-01,0.3030125581073335,-13.549926310585665,5.2039536112603635,-11.059789935824321
2000-03-02,1.442802447027644,-12.62823547468848,4.906197824648792,-12.99323680995562
2000-03-03,1.9647025473208934,-12.82547417310485,3.9860282367963418,-11.565582854907424
2000-03-04,2.0543041503224084,-11.822574682851515,3.6554589566582343,-13.236145738014304
2000-03-05,3.3372815010069483,-12.388659995755805,3.926210094934008,-12.580730036783716
2000-03-06,3.766371313123827,-12.327308477035334,4.05860139731403,-12.463457722758543
2000-03-07,3.4542973941891786,-12.345315016746554,4.1154752423940115,-11.883229100641104
2000-03-08,3.817319655493923,-11.172723889848534,3.5967145739079283,-11.185459437233508
2000-03-09,3.3103875328529098,-11.257779802337131,3.325090001961608,-10.444006025873836
2000-03-10,3.348490466151644,-10.597885704267474,3.904637509374596,-9.408398001038599
2000-03-11,3.332166363764668,-10.584028348470737,3.88544000915691,-8.78089498953045
2000-03-12,3.4013876487896697,-9.101498937458143,2.6081090485205056,-8.722915326371448
2000-03-13,3.7137649786549476,-9.437392627845748,1.1779542745894223,-7.298871251367244
2000-03-14,5.665625935338236,-9.298690582344879,2.977835160709847,-7.421153281440132
2000-03-15,5.0933163354360556,-9.037023157287656,0.887768913062386,-9.79789622944899
2000-03-16,4.628341839782039,-9.657150355737048,0.9527612198582711,-7.535623185301091
2000-03-17,4.02144586743597,-11.064944413553455,0.5441389639610013,-7.3856021726576175
2000-03-18,3.271302632291977,-10.561018583994064,0.15274267927497753,-6.809795068528824
2000-03-19,1.6561938984253293,-10.159040478489883,0.5199499146079429,-4.137621380184921
2000-03-20,2.5971127905765092,-11.492820296451821,-0.2719208386845574,-6.819421969735377
2000-03-21,2.722032472894411,-12.92625729539975,-1.6444112739395313,-7.5483581426440045
2000-03-22,1.5646027895542487,-10.780760917965267,-1.3075877987145628,-6.970644471743549
2000-03-23,2.4766529517522833,-10.220542784317164,-3.6397234188405374,-8.54546334015055
2000-03-24,3.651161864087806,-9.727808369529699,-4.352951746946533,-9.459902023841396
2000-03-25,4.841666753290961,-9.624496788830731,-5.312960771540159,-8.932813511854821
2000-03-26,5.006589345071277,-10.21576035914663,-4.85584937514179,-8.848643017382484
2000-03-27,6.323846073927884,-11.253327173245053,-4.612930905112818,-8.970668237676103
2000-03-28,6.4842797684014775,-14.232551384423864,-4.377092991937877,-8.691831684064564
2000-03-29,5.861238589445003,-13.565606434058058,-3.7643390976143665,-9.08718747003277
2000-03-30,5.036022742177756,-14.035310085090021,-2.6400273933598633,-8.203502192096808
2000-03-31,5.613177477201535,-14.000530061766053,-2.760001104714058,-7.898562601453085
2000-04-01,6.916683703581919,-14.323792504943587,-3.1866240174063947,-8.3256563637328
2000-04-02,6.924201398789842,-15.392587464429871,-4.084619321809491,-7.7542852480429625
2000-04-03,6.253021136875776,-14.175960889222003,-4.820213168152617,-7.8714296716813745
2000-04-04,5.468663723057372,-15.440877381141675,-4.406004701715553,-6.329375595137691
2000-04-05,6.206603309236167,-13.526895874119898,-2.3106073811536874,-5.751371515097944
2000-04-06,6.047138003512781,-12.934060396185371,-2.9222297512357183,-6.118763212970193
2000-04-07,4.764513217036267,-13.977506310500509,-2.6886214983229975,-6.856307531206983
2000-04-08,5.614134144297627,-15.217529109125874,-1.4386412862808031,-7.385115147665934
2000-04-09,4.6136760821980864,-15.849181041793262,-1.7483027222303589,-8.230293243806619
2000-04-10,7.698488718234623,-15.964875415163304,0.35911485654218067,-9.49575922376932
2000-04-11,8.098756073209138,-15.223602307344768,0.6592443291475382,-9.49730384214298
2000-04-12,8.457748006541044,-15.426701985815862,0.5813044667198958,-8.602877802098906
2000-04-13,9.244524319502622,-15.1480259769072,-1.31398519532924,-9.024830786153617
2000-04-14,8.080324301476598,-15.73294259447982,-0.759933146088343,-9.50928743023166
2000-04-15,7.8769917438464985,-15.998321524398598,0.7608498208257988,-7.906188773446704
2000-04-16,7.998443855311323,-16.24803218878833,-0.6168767631116652,-8.74961208380207
2000-04-17,7.876143802087784,-17.421133013824406,-0.6495378621433214,-8.431019585462145
2000-04-18,7.082722081329668,-19.322304501080943,-0.2735085633509138,-6.947131660108228
2000-04-19,7.220721235936671,-18.133778502329495,0.2753054567496136,-7.464094907427828
2000-04-20,5.3287985384585586,-18.886775254717715,-0.2496204611127263,-5.837878558463236
2000-04-21,7.629589322518112,-19.64013214515454,0.2735245163558637,-5.074900680979723
2000-04-22,8.813493350232296,-18.396857251703793,-1.4712726583977407,-5.967780186487979
2000-04-23,8.360704508052219,-18.20520184148992,-0.8506159490148362,-6.652892408316429
2000-04-24,7.862896270283512,-19.17916582943698,-1.5105656667023517,-5.405598533570967
2000-04-25,9.172806909102727,-19.257051053259822,-1.2827094034757223,-3.8563996977226287
2000-04-26,8.435904970460538,-18.4060644515439,-1.759496746848337,-3.4828656099473867
2000-04-27,7.84361476248764,-18.221801598557004,-2.3213725867669375,-2.370641674672256
2000-04-28,7.951692616068195,-18.829157121022707,-1.0395189502824242,-1.8600932966144956
2000-04-29,8.959219248135271,-20.610657223755595,0.44189233437787845,-4.048999574061279
2000-04-30,9.208586341665924,-20.36343003089192,-0.35004170770197807,-3.3420832068224975
2000-05-01,9.245230616373355,-19.81861829105744,0.034982898779259364,-3.380301901408456
2000-05-02,9.457308494774855,-18.9618394029873,0.9364593320853185,-1.9574668241057014
2000-05-03,9.130202068165158,-19.92841035092087,2.0188057092442375,-2.66553278475343
2000-05-04,10.046286115187009,-17.790023022077417,3.1154604374952752,-2.8841563267429255
2000-05-05,9.76832481503862,-16.78611883028322,5.238480135961384,-4.012352396642609
2000-05-06,9.724483245475982,-17.25331336435799,5.609680846336708,-4.581269484533288
2000-05-07,9.547354529951232,-17.20980942705369,5.807086446783997,-4.812559411425034
2000-05-08,11.07732561629307,-16.28310844319582,5.821100365019249,-3.284874249073951
2000-05-09,10.940086041515647,-14.885364792144761,5.329496243044026,-3.9616541737247046
2000-05-10,11.487565267958917,-14.13356891849581,5.319789856714244,-3.1160752974280133
2000-05-11,11.10386286380162,-14.498592996880376,5.369291425347173,-3.2276989389671624
2000-05-12,11.616785224016413,-14.064291074387246,6.236505882010032,-3.5684032976271745
2000-05-13,10.648964490120417,-14.653262712161649,4.552450423913166,-3.8055332531882358
2000-05-14,10.38726624989877,-15.381287687600864,5.359913919761254,-3.8288476093360995
2000-05-15,9.63463338698333,-14.762183317505485,5.718052263101385,-4.370435004776238
2000-05-16,11.26628385907415,-15.139114447380958,5.215056356820001,-1.4630977912995449
2000-05-17,9.976778710734377,-13.405191969467538,6.040485894914254,-0.43316873599449424
2000-05-18,9.87738374481945,-14.389945933540265,5.673977753393948,0.06288748183441112
2000-05-19,10.047072932024113,-12.98184209492742,6.6674956419166636,1.4826812347637874
2000-05-20,11.489619780067109,-14.328088581794026,8.425634633546412,2.8297698033240026
2000-05-21,10.052669003355458,-13.653817496357831,7.815418606964595,2.6005223191482707
2000-05-22,8.910541811510999,-12.4092204491637,7.257486094476656,3.3488926969268022
2000-05-23,10.108769341675906,-12.799953018011548,7.539758861618743,3.1859520022561005
2000-05-24,9.337259383652906,-12.882900977712543,7.0881161711599665,2.684492833629792
2000-05-25,11.743352818829248,-15.30016088920555,8.332001161786616,3.960589942828415
2000-05-26,10.338211479618543,-16.29366701530255,8.6713301213287,1.3771071063543574
2000-05-27,11.249103691751165,-16.892488294733724,8.086613368540284,1.3030836187534427
2000-05-28,11.602368823083339,-17.35651942162109,7.0917327956912155,2.7952122636940704
2000-05-29,10.40113271511473,-16.759072010056485,6.689549039621773,1.3371803553828456
2000-05-30,9.957128904338267,-14.232041316063047,6.990656697123046,0.7530627560435866
2000-05-31,10.679441249160025,-14.530320939093482,6.244544229044214,-1.0108563930580492
2000-06-01,13.382342059864591,-14.07614307221783,7.4492903363429,-2.918129605528573
2000-06-02,14.312776071971257,-13.39442703544398,8.125282556423324,-1.9672284349135412
2000-06-03,14.240285581872786,-12.083658914242733,7.157236889053372,-2.1384833907653578
2000-06-04,14.78107266341478,-12.229420287204274,5.408947263294668,-2.4024693833001343
2000-06-05,15.796246596400966,-11.51245817745309,6.2680086222413625,-1.8447145224165493
2000-06-06,14.328174565287423,-10.482083155214346,7.047289899597027,-1.8867263886943597
2000-06-07,14.127661144679795,-10.129348442480946,7.571142563475525,-0.9297244064212182
2000-06-08,15.248138629973813,-11.07033315465441,9.254174342118645,-1.8199921808796964
2000-06-09,16.474696856313685,-10.416990836401053,8.993287855751177,-2.773261586923032
2000-06-10,15.117363166596702,-10.943702860426534,10.031562116515312,-2.4468420779624864
2000-06-11,14.817094973057186,-9.468158559170053,11.39863426907432,-1.099980300497739
2000-06-12,14.324156660553736,-6.369356660470448,9.75781700586323,-1.742191981718416
2000-06-13,12.424476049789199,-5.752240419920381,9.582299145086115,-1.7050386086822613
2000-06-14,13.930763636058762,-6.912249856258553,9.795101350962165,-0.6923906670499633
2000-06-15,12.616330643752995,-7.194560336686117,9.961959723849716,-2.0529269069195273
2000-06-16,14.841947622420982,-7.688848842405107,10.166380094216306,-1.5789814061869794
2000-06-17,15.409249672878444,-8.51152999116904,9.838198427552737,-0.816036517390663
2000-06-18,14.511208722167023,-7.700891441930833,8.395560845281967,-1.3383795050294691
2000-06-19,14.88848765622561,-7.126008613758453,7.384368981927643,-0.2042694668306737
2000-06-20,14.009816142264569,-7.778814811781687,8.433430465009513,0.004933344833925574
2000-06-21,15.645907135595717,-9.083562247292898,11.640653133168023,-0.7842296137719134
2000-06-22,14.721473848495139,-9.238261559373877,11.885643451384507,-2.553156374348485
2000-06-23,15.865420810494276,-10.694856776994197,11.85993112833144,-2.1868891934196455
2000-06-24,16.541004757114177,-13.154721252176163,12.738241501510336,-1.0412235952346824
2000-06-25,17.5794464173318,-14.737320181992642,12.373390936111221,-0.27567689851931154
2000-06-26,18.988090196673273,-14.660484147124373,12.774235217122087,1.4501483031897422
2000-06-27,19.710089008780816,-13.895726270330398,13.468476654706699,3.7469346923988427
2000-06-28,17.135860722548767,-13.660876566318048,12.600858140876408,2.998099868515272
2000-06-29,17.316438503297817,-13.358915890899853,12.11028652693299,1.0856848805405148
2000-06-30,16.81866873846565,-14.87358528418135,12.579859271694822,-2.031445485660433
2000-07-01,16.845609340381063,-14.464299829544805,11.37306415193538,-1.6956409802685104
2000-07-02,15.307880132501417,-14.063459638955488,11.42506661518746,-0.0893812172374211
2000-07-03,15.182623838303098,-14.458829919104593,12.93700876030557,-2.975812856487063
2000-07-04,15.490771797063337,-14.453854129526082,12.972054555874251,-3.1358610660334008
2000-07-05,15.426720613154552,-13.798080965885633,13.932154771656547,-1.03454270525044
2000-07-06,15.287423150963663,-14.089105582491522,15.244800043702922,-1.3398574749789294
2000-07-07,15.451661170039767,-14.254401038710375,16.49032680713158,-0.587040138797203
2000-07-08,14.874483784643989,-13.923085444797149,16.731414500792127,-0.12681776116775706
2000-07-09,17.042117313686937,-13.663045311918475,17.13535024273608,1.265457576481076
2000-07-10,16.406932389874527,-12.995286975114398,18.630259880548106,1.7393856346490952
2000-07-11,14.678253959803811,-14.290781032939226,18.27887484162481,1.3286049646402094
2000-07-12,13.561381939219801,-13.255708226550293,18.792114002955646,0.11359040248906838
2000-07-13,13.271134653822262,-12.786280634311812,19.500012604980665,-0.41651925106786214
2000-07-14,13.74261545701369,-13.707927319879492,19.446147458796407,2.695166948825647
2000-07-15,15.309278686029483,-12.139332379137528,19.813998560928415,2.4615698910803685
2000-07-16,16.927344688291207,-13.08117672351269,18.36901254145941,1.8129894294190012
2000-07-17,17.876759419090536,-12.396216156030977,18.145508689896698,-0.032435982634047456
2000-07-18,17.35867097599707,-13.276839773173478,18.444342132531474,-0.09407329970775168
2000-07-19,16.259862793196888,-11.386032883021377,17.74407795520231,1.0885827134159674
2000-07-20,15.34455864870952,-9.882355292073806,17.586777168875983,3.3764801134161697
2000-07-21,15.840127810839094,-10.662730613963147,16.339332962661622,2.3774877293372283
2000-07-22,16.444715886637823,-12.725880092876388,15.884486228810948,2.3387425895022567
2000-07-23,15.64783844131891,-13.247188356593703,17.482562772288453,1.5535679497353838
2000-07-24,16.77983558004741,-13.793363995071797,16.732814510847515,2.842033338841637
2000-07-25,17.635245959625248,-14.626051921774145,17.364328621000894,2.5088196260893847
2000-07-26,16.818499825010722,-14.064640968793679,14.892552724787894,1.4289810811308088
2000-07-27,17.185339122310875,-14.60636918055903,14.169933779329439,1.8684478477938535
2000-07-28,16.65411747074537,-13.143324631520178,15.521480682364514,4.002054056351634
2000-07-29,17.95340081139962,-13.94314029220619,14.554229467188703,5.300170282295957
2000-07-30,18.71886953227289,-15.075546984345173,15.884600412947119,5.09025601026477
2000-07-31,17.176256198139054,-14.495354055361556,15.47806931031991,5.278916533532576
2000-08-01,16.022660290875876,-15.41717441029677,17.453165328716782,5.211100975942767
2000-08-02,16.297788796714755,-16.530499608929073,16.7550853696041,4.3340840000324965
2000-08-03,15.736959422901208,-17.370440614891482,15.618883332425153,3.1642106696449357
2000-08-04,16.24241621356866,-16.900857978078907,15.354816913361748,4.2595892841916445
2000-08-05,14.69534931239932,-17.334208228377157,15.307469135537687,3.124737771535967
2000-08-06,14.746434890336223,-16.643230169575062,14.758865843732437,2.010541757999722
2000-08-07,14.412799257983332,-15.676579399382605,13.422950235900256,3.6622589178259775
2000-08-08,12.616671214669747,-15.930403661491734,15.54731204033368,4.480432029478972
2000-08-09,12.699690793776673,-15.056055789428617,17.556733547229314,3.4192026443255985
2000-08-10,11.538347130161206,-15.815701994127188,17.949771587584465,3.6485444486852945
2000-08-11,11.81548859962447,-15.62746177423966,18.485352722270825,3.9861523995206074
2000-08-12,11.91264376107444,-15.43637812700061,18.478069437428168,2.520982550434289
2000-08-13,12.123985700575542,-16.91096663267831,17.76382751176425,2.305778373028954
2000-08-14,11.841251965863139,-16.65052807643027,17.341453868373986,2.786509020808054
2000-08-15,11.454483509835098,-16.579927221395312,15.385981556006262,2.869355299059285
2000-08-16,13.286247677441668,-16.283666260332232,14.086252962740462,2.3397655392848837
2000-08-17,14.746015480117364,-15.918232216305107,13.221968513699242,1.6245958126771947
2000-08-18,13.327464683318352,-14.912984243867818,11.733136027569795,1.7619697683053261
2000-08-19,13.025300484174611,-16.75401843797479,13.142915136312322,0.30964627732270467
2000-08-20,13.88756625690696,-18.524391155580197,13.429615706762098,-0.2810339885867933
2000-08-21,14.122013519747744,-19.51616708746204,11.474596530586767,-1.9554755007620939
2000-08-22,15.074637558729872,-18.741179902864353,11.28793297376309,-2.891935139847755
2000-08-23,15.715475340570906,-20.08812510286007,10.596619209705516,-2.5947410201116448
2000-08-24,15.93212646475755,-21.167528490087633,10.636980720252144,-2.046458578953801
2000-08-25,17.283241592584158,-21.51260038474058,11.640069270671331,-1.7889857530050877
2000-08-26,15.633601748858538,-22.83848419950908,11.358886321582983,-0.2193874218331462
2000-08-27,15.190979146751056,-21.326873292121647,11.663852403973841,-0.073870238518908
2000-08-28,16.23564289202299,-22.08059421845473,10.255387414275752,2.2062742110892986
2000-08-29,15.74607975347268,-23.011745777935072,9.056679096790976,2.2565558653411486
2000-08-30,13.469038052433602,-22.73539099374887,9.472791913527349,2.638433810255643
2000-08-31,12.36866069466526,-24.262686947113114,9.79809748098208,2.2764482985934187
2000-09-01,12.85943858238366,-24.6429950107965,10.786369509258842,2.991171815021299
2000-09-02,12.960855179618134,-24.506126268737532,12.124365227490085,3.652994478524573
2000-09-03,10.46116010395054,-24.283333243800207,12.39759985227443,4.961266914478345
2000-09-04,9.901290509892144,-24.956435500660227,14.092837624918367,3.993420276469327
2000-09-05,8.249874089545205,-24.4283536035583,13.61611603558415,4.73015806897151
2000-09-06,8.481992995596407,-23.934003380383892,13.776156700018273,4.531849290437771
2000-09-07,8.523760180947633,-23.836766002650105,13.803342756945545,2.63114290206164
2000-09-08,8.944259772101981,-24.167297573279424,13.635354223080773,3.497649671120471
2000-09-09,7.918186005527731,-25.229826424858068,12.741455406325068,4.7912632018829875
2000-09-10,7.634772906109033,-24.158255351030043,12.683413719913144,5.680735321845849
2000-09-11,7.748289210881647,-24.257879329670853,12.97779777598982,6.328585410228199
2000-09-12,8.977607995594985,-23.379125299805334,10.380244910578288,5.891795292321715
2000-09-13,8.643927181072963,-27.105269038972448,8.608592103908537,3.905909801264866
2000-09-14,9.352609400990792,-26.450002453428624,9.037306913485686,5.319462239218494
2000-09-15,11.097454570330882,-27.08533304682318,9.266794513494744,5.9081161866016725
2000-09-16,10.90861619209677,-27.16981446608622,7.553518619083022,5.407192212924843
2000-09-17,10.516866609434228,-28.58746253040125,7.251267748243165,7.834434756184283
2000-09-18,11.144497612303706,-27.62119835737094,7.264445086587647,7.110053045816309
2000-09-19,11.345862382510283,-25.858867084416715,6.783855418547722,7.461067716658153
2000-09-20,8.25947200597877,-26.901611552286845,5.137924368543452,8.351106614769932
2000-09-21,8.399788796493876,-25.09370307610756,5.222190093287083,6.903116200437539
2000-09-22,8.170986032945518,-26.141933710127446,6.340242391203937,6.767033755057147
2000-09-23,7.20818899893569,-26.00197904709185,5.616160294510781,8.002828819299989
2000-09-24,6.760429799017637,-26.158622707217848,6.18887028778968,9.090123895034802
2000-09-25,4.145963406189839,-26.509985936038493,7.187426364224109,8.588032534734042
2000-09-26,5.7439690165430815,-24.791536683808523,8.413428397926488,7.920147008822549
2000-09-27,7.625603539535789,-23.162869175705822,7.489822798752787,7.239730030670168
2000-09-28,7.793556551972531,-23.46100010694387,8.439606469127364,7.0054471590237934
2000-09-29,6.502366575736948,-22.868513041805045,8.095081892427745,6.889087888055334
2000-09-30,4.433798763909092,-21.548440606450864,8.21021374897491,7.014768293222968
2000-10-01,4.813093074670586,-21.23425024042026,6.945489894782428,6.855469878747216
2000-10-02,3.4611272185942674,-19.888762717633877,4.596257557601685,6.945839793958634
2000-10-03,3.6298278238716164,-20.24488331326359,4.497963564997641,7.587324335498167
2000-10-04,3.5816757131816495,-18.426611309768585,3.708280383502276,5.344586415052176
2000-10-05,3.9383806476761203,-19.22854814858118,3.9879088055438996,4.890682054084361
2000-10-06,4.318645154654936,-17.616399294251814,3.6289985312131194,3.1891139479868644
2000-10-07,1.9688903123332588,-19.157116365272444,1.929945118445005,3.575464095285116
2000-10-08,2.141855799315133,-19.399018861601867,0.8575239211474974,3.41333932124472
2000-10-09,3.075463611142733,-19.80565278134495,0.2842401433378342,3.800648426330645
2000-10-10,0.8484426738664221,-20.312718887990357,0.7155375773134012,4.285305957517941
2000-10-11,-0.10923927681885914,-19.375572921774275,-1.210224334137422,4.088091384157757
2000-10-12,-0.48143540352022224,-20.896385856651392,-0.5136506828531471,3.4678066827979417
2000-10-13,-0.6854972236485851,-20.249067035695646,0.13099251151524005,2.187006200208163
2000-10-14,0.31411877781669006,-20.22460816381999,0.6722538683123135,3.098938949797578
2000-10-15,1.8268730180493036,-18.169134551941745,0.035494424340284825,2.1695942033407287
2000-10-16,1.5802089670147779,-17.47276850893979,-0.4733853065721312,1.7511101313378246
2000-10-17,0.6755771974413227,-18.164742144878296,-0.12145304876250096,2.0436936820473774
2000-10-18,0.08074347042596841,-19.10960458044974,-0.25184230670662855,2.8582054771028598
2000-10-19,0.5541188018306498,-18.376652235690887,-1.3232836872749565,3.942347991320463
2000-10-20,0.7611552853972999,-18.946739772409323,-2.355531762100559,4.427084976365983
2000-10-21,2.541895837927976,-19.439437605673696,-3.2347298158392217,2.4137722417625613
2000-10-22,2.3361174413567176,-20.510810089634557,-3.881539961617542,1.0989737889208648
2000-10-23,2.1352038259656356,-20.311340254830682,-3.592096842755068,1.1662242280177073
2000-10-24,0.7631730932369045,-18.719053354022947,-2.254548841683661,0.801632909313071
2000-10-25,2.235271444909143,-18.260457975606695,-2.054268890717755,0.09638021233320682
2000-10-26,1.7048752218019019,-16.82048496127954,-2.474447815229336,-0.7344807141490197
2000-10-27,3.2584283265248253,-17.922555631929313,-0.9290216779980722,0.060878900457781215
2000-10-28,3.5504465815308768,-16.06291752969313,-1.4174895854731655,-0.053609014566944724
2000-10-29,3.484046123559292,-14.921717633611735,-0.5999249402167722,0.5245881114403756
2000-10-30,3.3946690131642443,-15.110484284326972,0.6776145080262469,1.2816753790522495
2000-10-31,3.8972981933187714,-16.79935150012678,-0.2714049221085554,1.6952395108454716
2000-11-01,2.3303993959211424,-15.463327139590518,-0.18957252610819408,1.0446117012733098
2000-11-02,3.1500247783108377,-14.259077753182012,-1.9091625563926429,0.593182952999449
2000-11-03,2.4368616820613482,-14.179595298566024,-0.5054543740612139,1.04140154755048
2000-11-04,1.6097896619959247,-15.425023309766459,-0.9771409030235159,2.2272241947161255
2000-11-05,2.0881589080473937,-14.936123633588869,-1.060560497229357,2.7422144829134094
2000-11-06,3.289391893965381,-14.356317445893666,-1.4475588025976298,3.604849502289894
2000-11-07,3.366373835253367,-14.148021950298638,0.010632059215957668,2.6452812017735052
2000-11-08,6.0750343209649635,-13.504015388104959,-0.8636666573209619,2.3093528856885945
2000-11-09,5.811896352010387,-13.487758304375225,-1.3901978606202854,0.004691041520006767
2000-11-10,6.3441725691662185,-12.96124387380066,-2.710890295381348,0.34209014029241525
2000-11-11,5.693867942225627,-12.686643296185547,-1.1341435498027022,2.517743239592427
2000-11-12,5.655676983920885,-13.943411890571234,-0.8851660982330407,0.5647438800289322
2000-11-13,6.050109311729666,-15.828126063294825,1.3572464068274712,1.0783667541265762
2000-11-14,4.270916819707296,-15.20985869674125,0.9208181539291638,1.1927446451634893
2000-11-15,4.354177688399723,-16.182932272970238,2.7483357766923087,1.8561324031809454
2000-11-16,5.015050192180167,-15.526196614267045,3.592502215489199,1.1704653525062847
2000-11-17,5.456494480927857,-15.025298201869415,3.5883933001163046,2.0546063364830323
2000-11-18,5.961115533929293,-14.23159519450994,3.325829122310074,4.254041171665355
2000-11-19,7.515909554785175,-16.339508327278175,2.9324417869499033,4.952771988079377
2000-11-20,7.45382984735789,-16.51383908191628,4.042937948326774,5.8781932011949465
2000-11-21,6.156544325364313,-16.57236661958406,4.719067553652561,5.8785758293418455
2000-11-22,7.807497333001787,-15.87630818448278,5.465589594809302,5.231927016828879
2000-11-23,7.673637051558118,-14.123448007510033,5.179627755523729,4.241487609611034
2000-11-24,8.712034327172704,-13.459911157292225,4.188767888618629,4.224394021064531
2000-11-25,8.2774164672029,-14.997259553578242,5.175957276383544,4.079795590257212
2000-11-26,8.394533413498463,-14.489657299387115,4.94946440987146,3.7071868169941973
2000-11-27,9.866504141320526,-14.463418111965305,4.0520080904526035,4.205342044305591
2000-11-28,9.749041903153572,-14.035967405948169,3.843313298123083,4.626168338510707
2000-11-29,8.887723526454993,-13.569658672252663,2.418292199366967,3.98371161743253
2000-11-30,7.839291058242281,-14.227751303574484,4.108843566358877,6.215117130627403
2000-12-01,8.16856565786201,-13.743759607722298,5.1668220182718505,3.9253153557271965
2000-12-02,8.991184025964507,-15.18820498566282,5.657355568399864,3.641663686845402
2000-12-03,9.08027132080352,-17.051413541504672,3.3764383918780227,3.633894002452809
2000-12-04,9.37948775899845,-16.991573085995537,1.1796299248020352,4.2556478522351044
2000-12-05,7.900331382009764,-16.705129454429983,2.336061909151077,2.842664776458715
2000-12-06,8.730458576834929,-15.909048820150343,2.730260741565346,4.136310891485905
2000-12-07,9.242753091540886,-15.716437158475419,4.442176894566922,4.659234574838618
2000-12-08,8.208149224704915,-15.031228432877363,4.7597425794287584,3.245782912125819
2000-12-09,6.458022994478418,-16.882825225823826,5.586384434687796,3.8647148095762107
2000-12-10,6.73368903462586,-18.572859195266677,5.441471982864664,4.004983301604273
2000-12-11,7.553532282568259,-20.52587435168819,5.373585726795052,3.51491644305589
2000-12-12,9.156720792496808,-20.25435908730684,5.755729761682376,2.048007464869891
2000-12-13,9.410754237725756,-20.10487855854397,5.074409307030349,1.4597977107884705
2000-12-14,10.603241862847572,-20.11112475133434,3.6069528441085295,2.8651831623002266
2000-12-15,10.737460594410539,-19.680319124281077,2.200193183902006,1.998396418439833
2000-12-16,9.371453026949268,-18.52539713740098,2.2630164183220534,2.0790248709764474
2000-12-17,9.3550525881076,-17.9165340266912,2.2156921211950285,1.3642618275396896
2000-12-18,8.29206344943661,-18.102668379542234,0.6978006324297661,4.190831709510121
2000-12-19,7.893164261661043,-16.86166536173323,0.7209324582257107,4.432970276983733
2000-12-20,6.155600636619945,-17.490053169959776,1.0353676820484718,3.5199079098078303
2000-12-21,6.022422464067689,-18.82612532060169,0.8382024288710705,3.0936341128739335
2000-12-22,6.474209945630741,-18.154910069174612,0.03040975115647404,2.4815408956586826
2000-12-23,6.633973452617807,-17.61605172146324,-0.4760095467879848,2.7191758952092915
2000-12-24,8.172994707324152,-18.451633620258104,-1.4050592944926144,2.5543390077670804
2000-12-25,6.779612726733,-19.7204781775512,-1.6650916288714452,1.1207060242936318
2000-12-26,8.07625080114824,-20.329141321614088,-2.1284396407220108,0.5431079514433355
2000-12-27,8.858643830838428,-20.125590079345614,-2.9690974471212495,2.0900464694937053
2000-12-28,8.694799037386398,-20.190626530059763,-3.6801769651495855,2.395221072530609
2000-12-29,9.454446325989581,-20.800378225913473,-3.6659924747207286,2.2563735737698063
2000-12-30,9.295491381160613,-19.69545123758515,-2.834210881311705,1.3521383912247282
2000-12-31,7.9854462568243125,-20.365307997571666,-2.7270982345805352,0.12563196939583343
2001-01-01,6.855525476910323,-21.690382860567738,-3.2845934118063216,0.5303507010285146
2001-01-02,5.974647606919732,-19.88887634359745,-3.3321852058680066,0.26375808159240804
2001-01-03,6.6495747665317335,-18.537783597493636,-3.602307479743004,-0.7501303456193684
2001-01-04,6.672970484208499,-19.126243406411007,-2.9591734017020452,-1.1636450860949925
2001-01-05,4.648520650615113,-18.468654641765195,-4.40345027045252,-1.277553785445054
2001-01-06,5.742691935481822,-17.72209750983978,-3.878227319075129,-1.3418149442201925
2001-01-07,6.173181486238012,-19.387651590323145,-3.1984835971003065,-0.9319884664747327
2001-01-08,5.99554979177315,-19.481034642558875,-4.1157696850530305,-1.5048090060513388
2001-01-09,6.782039311293383,-18.563354318279487,-5.12865121727861,-0.3898873953774711
2001-01-10,5.89563912535052,-19.245450187776004,-3.9968798009915245,0.2823366061320959
2001-01-11,5.595592380149356,-19.318441851440056,-3.460700056438469,0.37875129229668936
2001-01-12,4.456867776721155,-18.609147687136215,-2.8994453281465424,1.0332596024179206
2001-01-13,4.984901273186568,-19.997157404418246,-1.0496823635982695,0.635634935566886
2001-01-14,4.1987673321650565,-20.805752286031282,-1.0007121314400635,0.38511855857201244
2001-01-15,3.4862381366712953,-20.42015954784486,-2.5059824689240022,-0.17354885497548006
2001-01-16,2.86999654418792,-19.459344217766137,-1.3504732422031904,-0.07378761775767126
2001-01-17,4.121888690799461,-18.978957302021872,-1.2532712127575434,-1.068232827084756
2001-01-18,5.460090294947355,-18.01730639594135,-1.7505012689055277,-1.419484188079484
2001-01-19,4.241866414569841,-17.20543467987958,-0.43650018858486783,-1.2061069149341912
2001-01-20,5.409107915288651,-17.331062020435986,0.06038216686171499,-0.969433839674164
2001-01-21,7.61996329674953,-19.432441802317243,-0.29149262884173405,-0.37976650684847935
2001-01-22,6.047379237892158,-18.73198062960316,0.4835461848553066,-0.32979417755558216
2001-01-23,6.689106281981324,-19.50855763409816,1.7816371075679474,1.0285360820619922
2001-01-24,7.987920458379341,-19.32738534025105,2.011475456873532,-0.08483342030913987
2001-01-25,8.632103265774479,-19.586858555305415,0.5594183790906349,-0.4725740167849319
2001-01-26,8.196141932283096,-20.271903187534303,0.07311001740979317,0.9750986844757421
2001-01-27,6.871701497722353,-19.64711039735651,1.4148694856558903,2.6286876876757077
2001-01-28,7.194866455634139,-21.162847438267903,0.6034501494195121,3.572154671656624
2001-01-29,7.402919766582844,-22.35674570211415,1.0569396758129528,3.349410360698149
2001-01-30,6.210647104469395,-22.860574353620294,0.8090505561528463,2.509790023250163
2001-01-31,6.511510509679754,-23.81267607150472,-0.5081976811224167,2.1101269661603332
2001-02-01,6.9656065959762135,-23.78214202739611,0.4904700662308801,0.6465990845213117
2001-02-02,7.44030211225115,-23.418867431198503,2.2053515837701108,2.0856141371651695
2001-02-03,9.26543408288338,-23.21315472543686,3.4911406042438298,2.0139028196334126
2001-02-04,9.247330826455508,-21.54370783425713,2.3527738331193273,2.1129467935252775
2001-02-05,9.17873125727084,-22.74509759532141,1.9456987820905451,1.521461948615328
2001-02-06,8.856941915181844,-22.22381583376511,2.162506744595358,1.4788691545384796
2001-02-07,7.840294923373957,-21.89503361185757,1.5900217321630208,1.6789908683091184
2001-02-08,8.915816682799855,-21.711547963027183,0.6396256183550444,1.8483244225735682
2001-02-09,9.273454952803693,-21.175226689985315,0.5428966573626512,3.0839336324987907
2001-02-10,8.64122599051078,-20.864796065935685,1.0823539679953944,3.2602035497709396
2001-02-11,10.713023680481077,-21.27778036309694,1.3635985891489986,3.018623084998443
2001-02-12,10.478444671838073,-21.537211034745003,0.4023503978991848,3.1367899901229355
2001-02-13,10.040152313877568,-20.742945326851288,-1.7400258380134428,3.4145545989613684
2001-02-14,11.450282745892247,-19.603991468230394,-1.754164239048545,1.7036130286441227
2001-02-15,12.344431632273947,-19.624484526890356,-1.4678413896543696,2.8091324260561357
2001-02-16,12.668082732410612,-17.54226838940732,-1.4641760547278009,1.7628899392988666
2001-02-17,13.854788707324515,-17.20910433797404,-0.25543380646139036,2.8575389767688093
2001-02-18,12.392427496247091,-17.43256348371615,-1.6822815530952315,0.7350400188057344
2001-02-19,12.18561048536258,-17.12256674140812,-2.5454553662057258,1.617335505533854
2001-02-20,9.445031238127651,-18.198107266537104,-1.0582639513318164,0.8333411259624007
2001-02-21,9.940181532648973,-19.627599820411767,-1.3866703392325515,0.49444106911100516
2001-02-22,9.318479292463715,-19.717650509083644,-0.5198064964326901,0.9754150389310978
2001-02-23,8.932378853208865,-20.433603494480806,-0.9041590598976497,2.709389333656258
2001-02-24,9.538361614887908,-21.502489478424067,-0.924795179914252,2.0497716954392198
2001-02-25,10.04409712900578,-21.32559606894383,-1.6835830855530622,2.1460659511207325
2001-02-26,11.013932901575684,-19.670430515630727,-0.9551372807887806,2.078468829187049
2001-02-27,11.097380278561689,-20.281669097475522,-1.1402860139829092,3.9868592021460394
2001-02-28,11.877196853498761,-20.320574410887538,-1.631043962527433,5.7629252146323795
2001-03-01,11.70822091025311,-21.052588461941028,-2.5027018225731177,4.621187082482628
2001-03-02,11.920258763689276,-19.972570404774462,-3.152100739182135,6.094838773719645
2001-03-03,11.87457373404626,-21.325239306370875,-2.2592514065422162,4.965874706693322
2001-03-04,10.45706509529797,-20.80851710484307,-4.065730878748109,4.2598095812690175
2001-03-05,10.96528885623997,-23.68869969629857,-3.0390531815025636,3.8593792144186296
2001-03-06,11.511153291472116,-22.61553567919038,-4.8102945452456485,3.593948335110213
2001-03-07,11.910820207877462,-23.960204878198358,-4.250172871819918,4.829776149892473
2001-03-08,9.805057835730494,-23.861393024533438,-3.083057167995176,5.195033671889821
2001-03-09,10.106429976900712,-24.627840735366544,-1.9540814213368711,5.567503416821512
2001-03-10,9.532652882137109,-25.90148857987042,-0.5504344326077324,6.199386764237136
2001-03-11,10.486113208384719,-26.3441416419637,-0.08122632736197194,6.300215913668752
2001-03-12,9.60122521317377,-26.384552757878865,1.045267815809255,7.030387007736603
2001-03-13,12.352459893199043,-26.404942896008393,-1.3665211550714365,8.287515861605293
2001-03-14,12.212503626613964,-27.077981882754845,-2.2296322999632605,9.800421365399908
2001-03-15,13.378150939526412,-26.56905243459066,-1.3890605500992534,10.220910107277623
2001-03-16,12.66475429902122,-26.808099668274043,-1.5857630187414853,10.490308684961997
2001-03-17,12.098962040322604,-27.866855183471905,-1.4724253749907312,10.508475587884746
2001-03-18,8.764118101763792,-28.058675694410002,-3.3742255533320575,7.78857652931539
2001-03-19,9.56795012241977,-28.347945622459523,-4.809931959029882,8.034972649933298
2001-03-20,9.086598643139453,-30.294999940417057,-4.473941458049826,8.086226148938854
2001-03-21,9.768710806428716,-31.697325766748424,-4.029068966891869,8.706568659908882
2001-03-22,10.160076133030511,-30.61467264368455,-3.4172296161933353,8.89027285223044
2001-03-23,9.516546503631144,-30.162607329092776,-3.9291024977726474,8.61981598687175
2001-03-24,8.454446978722178,-29.986583101228348,-3.376282063257998,10.113131610042856
2001-03-25,7.657368911707637,-30.26674133397275,-4.124852429308968,9.633153876342842
2001-03-26,6.3922046615077175,-31.36977678424406,-3.8401089248133693,9.913058793066973
2001-03-27,5.956978764861108,-31.527727340261738,-3.1829903573824554,10.613955202732281
2001-03-28,6.603001783613139,-29.643402438660747,-2.1615923970865136,8.933654558942012
2001-03-29,4.847003199246787,-31.545207225512346,-1.9379152772125392,7.9495598597141335
2001-03-30,6.020396859082128,-31.501130277683263,-3.475831110571135,8.063220761845656
2001-03-31,5.3622234551126855,-32.36589186415221,-5.10470092093021,6.668513293360925
2001-04-01,3.5048956796012507,-33.91652994376321,-4.657151016421015,6.474230487479232
2001-04-02,3.2715091734032034,-35.64212256249397,-5.180408709396985,6.941114085679441
2001-04-03,4.567217984336912,-35.8826478170943,-8.057277581336244,5.24541924410844
2001-04-04,4.48673504550915,-37.23140718950735,-7.996668676944149,6.698032430286906
2001-04-05,4.66405349251085,-36.39592459223648,-9.789170796613686,5.338690428023589
2001-04-06,5.427067055100814,-36.15048370718693,-9.888203272581148,6.729186701187286
2001-04-07,7.6624872564503494,-36.45936587149691,-9.206143108662985,6.353280615657118
2001-04-08,7.8938685269372355,-34.84837765647429,-10.957620421734358,5.577148153792635
2001-04-09,7.056316146481625,-33.33208663980267,-10.441161439596629,7.874302337500181
2001-04-10,7.2341723969259,-33.670341748388445,-10.645084716792395,8.571762612624278
2001-04-11,5.905686829100104,-35.28141781541477,-11.887006254887993,8.596239625333517
2001-04-12,7.110512869401822,-36.95831957566239,-11.76055448297137,8.348399941321542
2001-04-13,7.672613677718569,-36.79341053959659,-10.951806989863831,8.035549101497987
2001-04-14,8.583272288503776,-37.77042980425009,-12.54106352919768,8.570620525998626
2001-04-15,6.901324852967601,-37.60177125685652,-12.417551223636208,7.843558274515411
2001-04-16,6.760542153271883,-36.48691112464884,-11.066446107770648,6.0363054784362635
2001-04-17,6.235985970100714,-35.850269483426466,-10.307371335607083,5.830477162442899
2001-04-18,6.515077897834129,-36.39189825834853,-10.311463394516934,5.5901613560590855
2001-04-19,8.157106900093149,-36.151056589374434,-10.547354864264777,6.235251786341341
2001-04-20,8.755197110464586,-35.372482302686066,-11.257177306808313,6.378076416312267
2001-04-21,8.760747559791362,-35.540808618837765,-11.389736935651689,5.502825242302764
2001-04-22,7.320096112334065,-34.928519054916876,-12.254082582329676,7.019383436993768
2001-04-23,5.83063470152226,-36.44150635156638,-12.271155448502775,6.794596213835408
2001-04-24,7.878543581524982,-36.45703164396229,-13.348971249537799,6.016615685147891
2001-04-25,9.011327775576262,-37.035502848574346,-13.840717291135737,5.484448677234024
2001-04-26,9.353905788543086,-38.00102841810418,-14.418861949782203,5.070281809895198
2001-04-27,10.938931936906506,-36.073372262932125,-13.4127280126116,6.777487620769622
2001-04-28,10.442396849301007,-36.684322872406625,-14.608528196279192,7.281460067006571
2001-04-29,11.64990040675996,-37.83057770505142,-16.199381965900812,7.390852997112883
2001-04-30,12.79112571343048,-36.838782113045085,-15.962492143302926,8.17377382647437
2001-05-01,12.087881345925462,-37.8084397244478,-16.079981943166544,9.933896630056985
2001-05-02,11.508687764929881,-38.97666017662188,-18.335164152005547,8.730576039386763
2001-05-03,12.62301671544615,-38.090499179197366,-19.352859898811612,8.392351494854562
2001-05-04,13.238747861256487,-38.4198599301442,-19.395711596413374,8.153858360095715
2001-05-05,14.148558839944489,-38.74292305245495,-17.737844047226677,7.071718857130474
2001-05-06,14.630523307470536,-38.40674188222013,-16.550077091932945,5.715102187605006
2001-05-07,14.434726498692351,-38.80117644276919,-16.787072750949854,6.678849668870882
2001-05-08,14.276207882783787,-38.75526646041763,-18.05524625097597,7.121275470930145
2001-05-09,14.526063897338094,-40.46271137605616,-17.53354876596849,7.978261836727292
2001-05-10,15.223403315009978,-38.73648384336594,-18.153341222130873,5.959586575798266
2001-05-11,14.519368873588173,-39.551461771576435,-18.087979489045363,6.1097495265107105
2001-05-12,15.29129721980052,-39.77165982186836,-17.46140991633984,5.499697739556801
2001-05-13,14.60040536776718,-39.69247780221965,-17.1450802523377,5.107110806631997
2001-05-14,15.805495948477635,-40.40064994555791,-16.079595124082868,4.837568923661081
2001-05-15,14.042167172251158,-40.44409323034938,-15.474513093559912,5.2173255592378665
2001-05-16,13.89334809215351,-41.47267224976026,-13.49387606968754,5.580523492507451
2001-05-17,13.783622397347191,-41.76220847049461,-13.116333071634841,4.803377207711356
2001-05-18,14.79322094193111,-40.74699422458257,-13.330669588424747,3.2920530942860333
2001-05-19,16.392093257295986,-40.83058685773681,-13.662227481961413,3.979114773872072
2001-05-20,17.383182021737728,-40.621285498031774,-16.365740172077032,2.9021025861222607
2001-05-21,17.98466932422015,-40.53137336277097,-16.283685888825207,1.9347541150219172
2001-05-22,18.877661039556905,-41.3778023943122,-16.561649302043307,2.4715193747233957
2001-05-23,16.605945079948476,-41.86848307611695,-13.706375972306168,2.8832091713483448
2001-05-24,15.55060419735838,-43.51474248607127,-12.789153458691287,2.4620169820052835
2001-05-25,14.859854324749891,-41.76355349715739,-14.669126176086113,1.3556597596088091
2001-05-26,14.485265053567945,-41.08779050030051,-13.314896864735394,2.642007567027152
2001-05-27,14.686867854354155,-40.17820421244901,-12.928158008575966,2.1894674274034265
2001-05-28,14.334614267086257,-42.19953776272524,-12.60905252026005,2.1565639596227837
2001-05-29,15.37890615755813,-42.04244301198661,-12.312424500394021,3.3025583126055644
2001-05-30,15.243000868703774,-41.52780770722149,-10.790223331555307,3.8178306915296494
2001-05-31,15.67352327544617,-41.159417572263074,-11.129471106315554,3.001345846516631
2001-06-01,16.869077614028544,-41.12529035903717,-12.628399647232488,1.4609587405993847
2001-06-02,15.954942978761856,-41.75455226495912,-14.139685634611055,1.3225838743192206
2001-06-03,18.017481045665143,-42.30679076822072,-14.696430363530398,1.8711316632432204
2001-06-04,19.075098751450646,-42.837251077048414,-14.688347882450238,1.2621913686630668
2001-06-05,19.38310295094465,-43.63915633995056,-14.809539226883457,1.3075632629281702
2001-06-06,18.434568938519668,-43.122334961426034,-14.728965588406858,1.1289693598748574
2001-06-07,19.144949446541748,-44.588742735976524,-15.066034597537122,0.565738624554259
2001-06-08,19.583604211442218,-43.12047578598605,-14.277132648789458,1.1275829277753036
2001-06-09,19.379796034956073,-42.010678665605425,-15.693648698384507,1.030835796593895
2001-06-10,18.958511963301856,-41.86275180100481,-15.73654532728078,1.3699843235729634
2001-06-11,19.235280368028835,-41.73425368625355,-16.8443325168549,1.1918839563860761
2001-06-12,18.94446202329497,-40.97240550255568,-16.60046203766075,1.339449297937464
2001-06-13,18.639149931997203,-39.969070556423354,-17.218963783724607,1.4299235064023053
2001-06-14,18.29575623674847,-42.32451557452099,-16.64692035400186,0.7023217378993305
2001-06-15,19.15937765732045,-42.67659387145166,-17.179402684893002,-0.09615105133921309
2001-06-16,19.014359837206488,-42.57152057277487,-17.60645412305449,0.8163714750450732
2001-06-17,17.602573544946097,-44.34086266795143,-16.781256473369357,2.27940403469866
2001-06-18,15.860137211954145,-43.27293768875254,-17.324019229317745,1.463099437550505
2001-06-19,15.838192056882276,-44.22169005581036,-17.173623756528656,0.12537094733823095
2001-06-20,14.093454533127408,-44.31411565869784,-17.992203677190556,-1.91646470289613
2001-06-21,13.926165248885669,-44.63011880278071,-18.628982523853363,-1.9005647995041095
2001-06-22,13.216550451002135,-44.394913852153934,-17.90492789896608,-1.6825945319664468
2001-06-23,12.282367900541178,-44.66040109570558,-18.99685039218325,-2.2330749378206938
2001-06-24,13.81378378494977,-43.99468029598538,-19.806845514302537,-0.9877584712559309
2001-06-25,12.885654246596204,-44.29670595731469,-21.647534737305797,-0.9986920798638605
2001-06-26,12.611375905415123,-44.91472939834484,-23.112956474790213,-2.4205346662786686
2001-06-27,11.939221904840942,-44.92735654387572,-23.781467264599392,-5.182135600169984
2001-06-28,14.401745685296554,-45.03858873188158,-24.700655498125336,-7.194692305206609
2001-06-29,15.613245884659934,-44.226391208710766,-24.676412016149072,-8.36888098386212
2001-06-30,15.97221057219077,-43.05221820743322,-24.791852093805275,-9.404712612356196
2001-07-01,15.486736154520173,-44.246400636012424,-24.746744542555604,-8.571858420599993
2001-07-02,14.721191565432195,-44.03159907689082,-24.665502352942177,-8.759503290812155
2001-07-03,15.321779998705624,-43.70512620244165,-23.082941217375126,-8.227165547619009
2001-07-04,15.83555674851511,-43.91291178400328,-22.26744314602605,-9.931635908333309
2001-07-05,15.734381386070867,-45.19628890857344,-21.55911073712754,-9.544382881952098
2001-07-06,14.859353268996934,-43.74924153869636,-21.28958331433927,-10.264314649931434
2001-07-07,15.74309124078557,-44.41180958473865,-21.19337399661301,-9.439595699495545
2001-07-08,15.637800266740594,-43.674355917602846,-20.63250049423542,-7.821267308014936
2001-07-09,16.32615922426468,-43.35897177523985,-20.602056933149328,-6.744888951601674
2001-07-10,16.159240313406997,-43.38596537201143,-20.48980287115257,-7.018561963910895
2001-07-11,14.948461513911509,-43.219159387805604,-19.286331512595783,-7.239387070119232
2001-07-12,12.818974222517063,-42.89241898303878,-17.944948268723294,-6.760762211033917
2001-07-13,12.899159912529504,-43.370794960474115,-18.747533136992395,-7.682918149666779
2001-07-14,13.321069347269349,-42.54906168440342,-18.17095519419725,-8.811148339142902
2001-07-15,13.989835521962808,-42.56173366263064,-18.4744525662676,-8.987614890604126
2001-07-16,12.916437316372786,-42.80196557035998,-17.85900976416877,-9.127172915898631
2001-07-17,13.071602418570173,-42.12658692013281,-17.488154822040933,-8.773538714607312
2001-07-18,11.675363643685829,-42.54633723460439,-19.030399166473163,-7.870896722977082
2001-07-19,9.915475795273597,-41.438174228086766,-21.19813004017703,-6.556848925681688
2001-07-20,9.069490629327724,-40.39115115805486,-20.0148508178495,-6.313747355973273
2001-07-21,7.765277523456441,-41.61198898258915,-19.828285448349234,-8.386761813556145
2001-07-22,7.386512980362212,-42.65038536366073,-18.85249387122607,-6.076344624340778
2001-07-23,6.795423782660136,-42.917623883777736,-17.90545214553363,-6.116384068678163
2001-07-24,5.9460139003426455,-42.981796574417494,-18.132200712318532,-5.830136453075581
2001-07-25,5.404600233414064,-40.783613278582116,-17.9505216691936,-6.048289124275696
2001-07-26,8.20294862623754,-41.810030370254026,-20.24435297715861,-5.185093652936115
2001-07-27,6.924933298654216,-41.92573970379894,-20.832479718556783,-3.25678878259775
2001-07-28,8.656077611274863,-41.50577523087913,-19.87523883245365,-2.7368973094698394
2001-07-29,7.660095427401164,-42.25325439715656,-20.97151290189609,-3.6379493798353297
2001-07-30,5.822134931977864,-43.369662140210544,-20.461912102740097,-4.945997688974148
2001-07-31,6.326243544375578,-42.430215803202714,-20.471098531475974,-4.110320604011541
2001-08-01,5.951130680792531,-43.1675939844586,-20.415470879251163,-4.5723940877941205
2001-08-02,6.402825362461084,-44.71214929544877,-20.420098540772884,-3.888761175383822
2001-08-03,6.977956705751904,-46.59741251555962,-19.52703678361369,-3.072146937154989
2001-08-04,5.8513262899786405,-47.69999734161737,-17.842479296431282,-2.1940391018401075
2001-08-05,5.2937607407696285,-46.34908161570615,-17.662900142314477,-3.2636109513239395
2001-08-06,4.7563843504995775,-44.82306873893255,-18.79755390541954,-2.272703728403804
2001-08-07,5.058518349829001,-42.978088678528096,-19.71913129808959,-2.6978897252438068
2001-08-08,6.084062447314443,-41.24489416917022,-18.011165740589085,-2.727309464567261
2001-08-09,5.754332087050092,-41.49213260374084,-17.907368287521145,-1.9287822006972388
2001-08-10,4.900159698696109,-41.79304593662396,-19.347324479858976,-1.0954623542350388
2001-08-11,5.203283834605463,-42.364052864418134,-18.519133286019162,0.3136306605944126
2001-08-12,5.393022554002562,-42.359081458551636,-18.902896934589354,1.71419221773855
2001-08-13,4.95363538272057,-41.96306744660291,-16.216174942779105,2.1217049917064665
2001-08-14,6.130942639969735,-42.587906681642856,-16.919849315565596,2.0737099659195737
2001-08-15,5.505163917654487,-42.65667243394152,-16.595553254581482,3.841388421351387
2001-08-16,5.553875160183946,-41.84049156194397,-17.59393533925388,4.0686476042656095
2001-08-17,5.725583018455667,-42.89861559985177,-17.525739351423454,4.850645192098816
2001-08-18,4.573926975899575,-44.43127711020532,-17.30101057143394,5.7382791026338476
2001-08-19,5.862524497016915,-45.238460900485585,-16.870393638325748,6.256892854774199
2001-08-20,5.010814659419536,-44.3482622295176,-16.509103101815196,5.804612992079567
2001-08-21,5.164266383080307,-44.02390114307447,-15.458313635879305,5.284854410533497
2001-08-22,5.350321193631105,-43.32006063093956,-15.322260574138122,7.163587713203161
2001-08-23,5.692029793464525,-43.26076600218574,-14.463008069026474,6.647384845937428
2001-08-24,5.1224560169090605,-44.64707551936357,-14.530917012903643,7.5207216244699095
2001-08-25,4.905620721213549,-44.98139743786371,-15.281342031773386,8.84636395438979
2001-08-26,4.668688662762383,-47.36241873867354,-16.16509743522982,10.293737868993881
2001-08-27,3.625217346465211,-45.8561773454468,-15.91293914597905,8.825738481356774
2001-08-28,3.030391698978334,-46.90263442643132,-16.70583399516123,7.932911658239529
2001-08-29,3.1509836486792535,-46.128148900300474,-16.1057123381647,7.214708855591734
2001-08-30,4.49559534180537,-45.66960191515798,-15.398148240063698,7.128266518875118
2001-08-31,5.983003275988093,-44.20147783152963,-17.167091815353306,6.644830029274586
2001-09-01,5.125764260535391,-44.343669954336654,-16.11829914734632,5.703318066330045
2001-09-02,4.781408363022962,-44.66441734097849,-16.34108506116922,4.773668801818243
2001-09-03,3.042987084915308,-45.48901794076807,-15.026906036159023,4.7955374099804935
2001-09-04,1.8392916696218982,-45.492922014344316,-15.840623352822485,4.737260585221079
2001-09-05,1.7904909517570433,-45.22376632395406,-15.640373991575975,5.982196945251971
2001-09-06,-0.7068504674046341,-45.33681376422624,-14.288222964291176,3.68681180858096
2001-09-07,-0.7145150811270291,-46.77571372204205,-14.05073340487572,2.3884331918646735
2001-09-08,0.5849777127334581,-46.64115679527384,-13.41758900884685,1.8499432375466744
2001-09-09,0.3833060495996521,-45.96596870221343,-12.376403917624167,0.08065935352297715
2001-09-10,0.5886020695849881,-46.231181008583526,-13.017517058465804,0.5466477295284125
2001-09-11,-0.06915926264529515,-46.691101396016684,-13.36999443810831,0.10188957213268546
2001-09-12,-0.9933584951373603,-47.022350310974474,-15.973756224101246,-0.9619697734641856
2001-09-13,-0.0733357678138421,-48.45515638961909,-15.176973770152268,-0.6129467678321917
2001-09-14,0.32507455338089475,-50.02269271152695,-15.02987507452634,-0.36449789498691954
2001-09-15,0.36330699530111593,-48.352680441139135,-14.613039827817841,-1.2439977394087556
2001-09-16,-0.9015356706559481,-48.21541569792405,-15.463979467659897,-1.091088171986986
2001-09-17,0.6099223773667737,-46.87563927723632,-15.648397735120584,-1.303347617461081
2001-09-18,-0.7731387979338502,-48.22772513062691,-16.799697588216993,-2.2240946360256033
2001-09-19,-1.7150151693842286,-48.33889880691157,-17.082138150892096,-2.179037300473077
2001-09-20,-1.1934922708401827,-47.906844369461076,-17.547945680598225,-2.2749444424999363
2001-09-21,-0.7040001220935169,-49.718560770057756,-17.45290461093981,-3.0368018581041927
2001-09-22,0.4402121503752089,-47.021021039421456,-17.709814584008985,-2.9483973569341226
2001-09-23,-0.746458087193039,-48.27279465610047,-16.981434192124375,-4.7364321356793555
2001-09-24,-1.144073733643628,-46.677139520922275,-17.298428862590175,-5.96486974098996
2001-09-25,-0.15295531822032693,-47.431545368168294,-15.248997491945598,-3.874381183684035
2001-09-26,-0.14794021614209504,-49.05440466084311,-16.521883102903203,-4.630247043931744
2001-09-27,0.22289054482093681,-48.853706415699115,-15.892235375311806,-5.029686022721741
2001-09-28,2.7668750924571888,-49.63776410184005,-15.513870640695517,-5.885695880514071
2001-09-29,1.986491410600255,-49.270316801211926,-16.751864673806494,-6.510880029418712
2001-09-30,1.8589481644642758,-50.168357103574536,-16.096245712335215,-6.613446418677565
2001-10-01,2.581576332774367,-49.61934336278024,-17.12326044168836,-6.915658028117983
2001-10-02,2.3878855618727806,-47.61374968684832,-15.779185166372741,-7.162335416747214
2001-10-03,1.7430123938158166,-48.43706525939678,-16.55637892675201,-7.58710559499446
2001-10-04,1.450309882160748,-48.17899275562979,-15.437107700552875,-6.720307413534618
2001-10-05,2.481588667002071,-47.865459964240266,-15.298502156665107,-7.449808001226436
2001-10-06,1.524502426539899,-48.36242066963422,-12.16758411964526,-6.294766202064044
2001-10-07,2.4377889277381657,-48.09711960182831,-12.14537859205163,-6.172500205874851
2001-10-08,4.219464771802899,-48.81425783516314,-13.037306233238507,-5.4695800260744605
2001-10-09,4.183927628740272,-46.98244995722061,-14.066709374499446,-5.239729834125705
2001-10-10,4.239886970714803,-46.52259341051248,-14.693678967341036,-5.135450033377794
2001-10-11,3.4350692319367067,-44.892179409765475,-15.285415264219028,-7.334174099837471
2001-10-12,3.704697081669989,-45.15264945437589,-16.58640359964959,-5.919663163327274
2001-10-13,4.232766993254422,-44.01626060734141,-18.60920984505105,-4.844557408129566
2001-10-14,5.22663440916657,-42.92998697385823,-18.787826714781566,-5.895065204687145
2001-10-15,7.344187595870991,-43.22202878783175,-19.535690313445954,-6.416143387398848
2001-10-16,5.9923428689751255,-43.39369384135308,-20.505088548608516,-7.123675283864598
2001-10-17,3.9700991206296092,-44.838453547194156,-21.0579836647121,-8.033570596285845
2001-10-18,4.543500172141657,-45.44435969511462,-21.88838055063711,-9.232608534040388
2001-10-19,2.4897850374388466,-45.35913215150905,-22.616007249335514,-9.693788438391572
2001-10-20,1.9058549227001256,-42.90715855063754,-22.603690195312872,-9.278511851941976
2001-10-21,2.5042478434354742,-44.736432973079324,-21.512518677915484,-9.840320616419232
2001-10-22,3.1582313791331034,-45.09815071312064,-21.901440284134086,-6.439350439688154
2001-10-23,3.1647766106478947,-45.104368861081824,-21.85948247640048,-7.852613072512069
2001-10-24,3.9597696640533813,-47.92055794434156,-22.450650143953723,-9.489090029377744
2001-10-25,4.447544653332036,-46.684311350148974,-21.934187378915123,-10.48942044624392
2001-10-26,4.059975623494111,-46.068680407185624,-21.305392091780238,-10.184101986559376
2001-10-27,2.423233624178406,-48.05314232461155,-20.695413156334737,-10.432550478390182
2001-10-28,2.0773499131517754,-47.904690041072705,-20.770071843873218,-9.859943373716797
2001-10-29,1.3667737516057583,-49.39492863072179,-20.835076035027214,-8.871060193822728
2001-10-30,4.554818379517618,-48.19810141287579,-21.224491099192047,-7.603047947154223
2001-10-31,3.0361942537862676,-49.26000144772184,-20.614479380286095,-8.057261731147333
2001-11-01,3.816249559557877,-50.52933511989394,-17.619491690446676,-8.39028722328982
2001-11-02,4.560457940788762,-51.98258417829305,-16.67268017276861,-8.28754780524848
2001-11-03,3.136111099650039,-50.650389597906035,-15.749748472702068,-9.528654733848523
2001-11-04,3.1271064963310695,-51.587553364228214,-15.37143469221115,-10.074808818058575
2001-11-05,3.5822354310993982,-50.66970956595261,-16.495627063695323,-12.175950258272596
2001-11-06,3.31812855644148,-49.13943926272491,-16.710287212120537,-13.275196160552769
2001-11-07,2.9721857929591033,-48.292504989191706,-17.135982190307224,-13.39859592512346
2001-11-08,2.9619073766193287,-45.998291949559665,-16.92034473767049,-13.962963437481978
2001-11-09,2.4429778907667163,-45.10326043252577,-16.105908918855842,-14.029478910365228
2001-11-10,2.0756250049304334,-45.64107622635896,-16.264060341788895,-14.097413533198338
2001-11-11,0.9568871225107154,-47.4054738044081,-15.314360308393208,-13.98789015660507
2001-11-12,0.4784338271881608,-48.98589165015558,-15.777113246132764,-15.086379555402793
2001-11-13,0.528968434122326,-49.56300076153945,-15.112204346743784,-16.11351751196553
2001-11-14,0.20443282418517428,-48.97994718134823,-13.652714751855772,-14.610764754743093
2001-11-15,1.5848036829640004,-47.600717346335124,-11.532163705934323,-14.927161988087931
2001-11-16,-0.1481485948981136,-46.595205514822325,-11.479029510980434,-15.67301098188488
2001-11-17,0.3777348572556637,-45.992077590294144,-10.817616644058138,-16.228635978947114
2001-11-18,-0.8972687862537582,-46.012671425125085,-10.896446323922284,-16.39250768613632
2001-11-19,-0.3631313164573996,-46.27588654502599,-10.972957609747585,-15.986669271037488
2001-11-20,-1.2845475063902998,-44.22539267728317,-13.523523306149361,-16.105537567721587
2001-11-21,-0.7756811520166835,-45.414057056692506,-13.762842220117694,-15.74333368972894
2001-11-22,-0.13721282174533767,-45.2616388724888,-13.973682568126609,-15.994562646873389
2001-11-23,-2.578828378545971,-44.59694719828223,-14.311807029507131,-17.31649744122579
2001-11-24,-2.6130627977489547,-45.390995079406125,-13.68500240438756,-18.14432026677247
2001-11-25,-1.5071325195748877,-47.644034436264235,-12.627065868863717,-18.442566530477933
2001-11-26,-1.0132469394066876,-49.31090619564622,-12.744008808486164,-16.80223396281709
2001-11-27,0.9624004216949607,-47.3352866077744,-13.7345130593897,-17.32136881866184
2001-11-28,0.577374103224233,-47.07973354260368,-14.427144977448833,-17.425075672791024
2001-11-29,1.0748795491515057,-48.036964191110584,-12.743902324648419,-17.253566385298534
2001-11-30,1.7638958330355683,-48.21620851641074,-12.047204661748864,-15.451724335627777
2001-12-01,1.8906434130219472,-47.345394298815584,-11.595219079893292,-14.266719768211662
2001-12-02,0.1331396015310531,-47.438489192321384,-13.137416604400217,-15.638714520309003
2001-12-03,0.34258799024761505,-47.92108937682202,-14.770593724978891,-16.239817925637325
2001-12-04,0.2736628819418607,-46.79338415889178,-14.489351910345338,-16.301498391935333
2001-12-05,0.284301582833061,-48.221154319131706,-14.131015380327153,-16.516675482796202
2001-12-06,1.0711205158237163,-47.84671893546887,-13.600770182588649,-17.92888348775788
2001-12-07,3.0323408106222463,-49.018172234880396,-13.630154702594046,-18.00079567457235
2001-12-08,3.6317206917778,-48.33346917052622,-13.6916221546062,-14.212037662383416
2001-12-09,4.768842535103076,-48.353488831287486,-15.046389983150092,-13.54006035545925
2001-12-10,4.220049555123464,-48.505292836055965,-17.833429720804297,-12.846682294755862
2001-12-11,3.720640192136873,-49.18060258803034,-17.43516335154681,-11.369580452295022
2001-12-12,5.099648294606875,-48.46871068407533,-18.70515021363541,-11.436162720601093
2001-12-13,3.2604417647249333,-47.222283747171446,-18.96123417994684,-11.664227218196503
2001-12-14,2.512900292894596,-48.884821094517974,-18.313697171944405,-12.523280516298865
2001-12-15,3.1426346813319417,-50.35264995582713,-18.670029263330623,-13.46700374563796
2001-12-16,2.0260987648941544,-49.42354319574974,-18.195589047060533,-14.79763209565237
2001-12-17,2.041236218626431,-47.3450946616124,-18.88167887906659,-14.567975782268093
2001-12-18,4.229923316154166,-48.18435391046171,-18.471833143960968,-12.284806758496746
2001-12-19,4.112135976542507,-50.31835862621766,-18.28544220706971,-12.161899587685623
2001-12-20,5.541611701592837,-50.02837052594196,-17.53625904467982,-12.7938944036591
2001-12-21,5.394626609970138,-48.089589112220104,-17.70910456450651,-11.588536921750267
2001-12-22,5.3985879418563805,-47.363438708728474,-18.611144902901245,-12.6068060291012
2001-12-23,5.9505704547716745,-46.49711431655645,-19.879271025800353,-13.700141406304194
2001-12-24,6.177893585304188,-47.86116514402173,-20.44455894999111,-13.961087934976133
2001-12-25,6.645368085568502,-46.51380669134612,-19.895877662612254,-13.638252155381192
2001-12-26,7.469318458080339,-44.74992516427978,-20.65129878577009,-15.876043867470397
2001-12-27,9.046438059179248,-45.896945025155986,-21.105434617046512,-16.43046356160462
2001-12-28,9.505256842283208,-45.55965786605872,-21.441353051738727,-17.01261213616982
2001-12-29,10.750329872088004,-43.12884928695619,-21.876581715194675,-17.333927459780405
2001-12-30,10.018090566687256,-42.59578264888904,-19.436213577482718,-16.91551163154041
2001-12-31,8.732130982667355,-43.60240980661205,-20.58949559003646,-15.429121209409127
2002-01-01,8.737988600384352,-45.12544905285184,-20.17588952002499,-14.0693320781079
2002-01-02,8.090080945850753,-46.388720377710776,-22.256911868969148,-14.087558033781129
2002-01-03,7.838215132685123,-47.1094103809882,-21.61640215943565,-12.430264411182762
2002-01-04,8.264668582345049,-45.33875274082014,-21.512083714861916,-12.617002063515226
2002-01-05,7.3153129148224725,-45.0512734262975,-22.03389131642657,-11.794434644928455
2002-01-06,9.319008064893708,-44.390179272034054,-23.433681995123283,-12.074916404983343
2002-01-07,9.941379321232038,-43.500526422937575,-23.07884576028389,-12.214879592484737
2002-01-08,8.85793995916989,-42.49749986442916,-22.37399149214838,-12.687898122817748
2002-01-09,7.964901163741039,-43.233787054285486,-23.474287174542845,-13.135869954480242
2002-01-10,8.133585854695276,-42.49206566828561,-22.618995958077935,-12.76270525307695
2002-01-11,7.955689748743631,-44.14918886971238,-21.86004128217062,-12.868985542583724
2002-01-12,8.555474268130839,-44.36925782338349,-20.58591327207711,-13.424048132347798
2002-01-13,8.768534685734693,-45.6109660920101,-19.820110769368558,-12.493950669213188
2002-01-14,8.864454331444168,-45.57080973556955,-20.607554331581152,-12.924094015267254
2002-01-15,9.40391735766117,-45.61449770532142,-20.078564508059888,-13.73135154767348
2002-01-16,8.960930149341843,-43.99137263787985,-20.123986919739796,-14.764767037156245
2002-01-17,8.843849564445174,-43.40314037195507,-20.61159594693062,-14.918681899392311
2002-01-18,9.052026545923606,-42.92506441464693,-19.81069981242618,-15.426088853899339
2002-01-19,10.59224917221073,-42.2575237736121,-20.652182073258675,-15.59562321691439
2002-01-20,9.48107124861584,-44.06263167574719,-20.399438591434173,-17.128077032748916
2002-01-21,9.619047235140302,-42.81642469248667,-20.027063892798978,-17.445915599193935
2002-01-22,8.966237199936819,-42.357562799429196,-19.474906340448,-16.926631137002683
2002-01-23,8.765334974023627,-42.01639577695334,-19.18487641376206,-16.732386988344704
2002-01-24,8.478462721597182,-42.26034614099888,-19.431740324308674,-16.483060706553392
2002-01-25,10.159632290381746,-43.289184120931004,-21.737188958029325,-17.570535241847498
2002-01-26,9.265256421277002,-42.406942113594326,-22.278168988287042,-16.075195544927638
2002-01-27,9.186177502289645,-43.20965244822952,-23.9121549854788,-15.915040116828807
2002-01-28,8.436156318935172,-44.4764737921564,-24.088748526806537,-17.433330585910987
2002-01-29,6.8200408025981485,-42.430367901459626,-25.726048350982577,-18.143399220726028
2002-01-30,6.1131441719769395,-41.994431729940274,-24.496799935437238,-18.62977176517959
2002-01-31,6.4696733384837986,-42.524292742761006,-25.981037677952347,-19.130447349511414
2002-02-01,5.423538921480517,-43.898535575198835,-25.594117142371516,-17.77455748999005
2002-02-02,3.1721024398336963,-44.45938609982448,-26.468400428742505,-16.744309146605403
2002-02-03,3.7731070607704313,-43.34693802077268,-26.613962787197217,-16.4343104011187
2002-02-04,3.7446470246405776,-42.56423819818662,-26.70002743345103,-16.961878471628896
2002-02-05,3.3820196520233297,-43.6574753077624,-27.785771218791083,-16.684872985723004
2002-02-06,1.4644023806957092,-43.274686541201426,-26.354228182024368,-18.859932441978277
2002-02-07,0.15549792852772226,-45.09650019879995,-28.151397757441455,-18.024936397843796
2002-02-08,0.09709779162902141,-44.75390807455225,-27.622234926096034,-17.637669415239348
2002-02-09,2.0986987890361037,-45.27648207225954,-27.47392456862972,-17.51626619661331
2002-02-10,3.72034960726093,-44.76383691403361,-29.000588335473655,-16.928246933765774
2002-02-11,3.187837868924914,-43.987697837409634,-28.598415120073103,-18.43807543549674
2002-02-12,5.053082850263223,-42.12338012137866,-28.389969722887457,-16.02335090582101
2002-02-13,5.287044702033371,-42.645574927238094,-28.260985073865548,-15.819689609513217
2002-02-14,5.00706259765692,-42.57817480920648,-27.111251444525166,-15.910101498683145
2002-02-15,3.8627055751091914,-43.10294840921235,-27.46399523691715,-15.911353348926328
2002-02-16,1.8928526725688906,-43.98404724270692,-25.36788168718431,-17.390886353620296
2002-02-17,1.926658888726101,-44.164393766585555,-26.03349005440541,-17.074399146978223
2002-02-18,1.464760548349866,-44.04745586786311,-26.332120996402576,-16.542498205000054
2002-02-19,0.6513254892235549,-42.675595781000396,-26.20985059811949,-15.58815478188145
2002-02-20,1.4624671598866028,-41.63854515984559,-26.733104274426413,-15.037066332927239
2002-02-21,1.01952157567259,-43.04505886572281,-27.619330547611163,-15.513331325648938
2002-02-22,1.9503215380188608,-45.40539355901127,-28.82680713468256,-15.476980182007367
2002-02-23,2.813304973052468,-46.725559441028494,-28.98104320523991,-16.325013949718183
2002-02-24,2.792131908040147,-45.054803469496925,-28.567261331567007,-16.685686120196745
2002-02-25,3.4629388648671378,-44.928730301165714,-29.747394624660245,-16.8396984650353
2002-02-26,3.92682812329684,-45.08762825182518,-30.506647019093062,-16.975004578159975
2002-02-27,4.073023513436697,-45.24857627771675,-28.518460178722343,-16.730837922485737
2002-02-28,4.598050900975917,-45.12494027187398,-29.276106499601593,-16.642323763413813
2002-03-01,4.326124964378737,-45.36433980988691,-29.075871669962808,-16.61219530942209
2002-03-02,5.020944055158504,-43.83574553018989,-28.846928942008628,-17.863206769190644
2002-03-03,5.331324582057452,-44.070349945546596,-29.028289588427278,-17.93696362289205
2002-03-04,2.9184821914114076,-43.9389934722073,-28.591933689717404,-17.47031039108011
2002-03-05,2.622568912015862,-42.93032279148723,-27.44861062941139,-18.499764331807697
2002-03-06,1.8442345933448085,-43.892295519846165,-27.808766902097837,-17.25689429733099
2002-03-07,2.594828490225888,-43.13330353219432,-27.51512573195878,-18.036839101416987
2002-03-08,2.9887318174422903,-41.76559832787751,-27.91442639707341,-17.402738770773624
2002-03-09,3.605959126847206,-42.17371574959944,-27.48675620280665,-18.993982759829827
2002-03-10,3.530473196798741,-42.881448242636154,-28.92738908249751,-18.59634669042493
2002-03-11,3.719630082455494,-43.75436510716873,-28.843491905448552,-18.74430291008897
2002-03-12,2.1543004466413125,-45.93622709113867,-30.778324630435705,-19.640365653869008
2002-03-13,2.7910277337419434,-45.964540002780005,-29.935329603058868,-18.833073159081096
2002-03-14,4.751991748644107,-46.834057832784914,-28.319319575852056,-18.814216460763436
2002-03-15,4.597008015784397,-45.36313901495863,-27.323953982816153,-19.358776873712774
2002-03-16,5.012179699554352,-45.281947796478065,-26.772360659023082,-18.82801131632817
2002-03-17,3.4076845754934943,-44.209518857440656,-28.35450343561732,-18.309495338138262
2002-03-18,1.8520081308683458,-44.944716703886414,-27.10353997843142,-17.603928672622203
2002-03-19,1.9098285575215135,-45.34708864884484,-28.169514002334367,-17.94098582692352
2002-03-20,2.910199033595374,-46.40807244388573,-27.142673003788367,-18.70125587466372
2002-03-21,3.3495506985907335,-46.198259331395754,-27.009897208520858,-19.100661570472273
2002-03-22,2.9383115465247664,-45.846114637441495,-27.71348315588522,-19.915478123390415
2002-03-23,3.175024043702892,-44.83081914682828,-27.86365893848522,-18.849027387700374
2002-03-24,3.2314936052134957,-44.65552971971981,-27.41571909839661,-17.6475838798311
2002-03-25,2.9561247186980806,-45.513165348120246,-25.40738318986946,-17.964999496128097
2002-03-26,3.6889495996636548,-46.74462161241329,-24.463337915717307,-16.781358401941194
2002-03-27,1.8806089940996842,-45.847061633842806,-26.195064885263257,-17.726473100441478
2002-03-28,2.3563045262799083,-44.05598854302912,-25.286571252429518,-18.547968542766302
2002-03-29,3.6703921168402305,-44.527268108884996,-25.92948892007109,-18.82199182329078
2002-03-30,3.716483696700114,-45.10487844282337,-26.449905293904862,-20.450278284038838
2002-03-31,2.982158941811478,-46.16915505996417,-26.788107152405377,-19.15597774510353
2002-04-01,3.150179873245167,-46.57768383386852,-26.77273104350841,-20.64117282032167
2002-04-02,3.5820510410467605,-46.783815891842174,-26.605288086052365,-20.152585670335156
2002-04-03,3.5069886342694323,-45.70460181930647,-26.074806208787606,-22.357774765642894
2002-04-04,2.66334161411439,-46.526821724219104,-25.356043785224742,-22.59362461380027
2002-04-05,4.931646177013685,-46.39447949653912,-26.08279450630264,-23.666040247508608
2002-04-06,2.9497384373230533,-49.39705787261899,-26.72179841037329,-24.838235682243333
2002-04-07,3.0968926450281273,-48.650829549782635,-27.278686721159144,-22.815257392439136
2002-04-08,3.356719106870848,-49.66606593616694,-27.108708275796833,-23.352716975805805
2002-04-09,2.8025497185927803,-49.11000771470454,-28.356680388250062,-22.991561600136254
2002-04-10,3.05124276635999,-49.67343813299663,-28.08083723238905,-22.938789872467282
2002-04-11,4.810455560837138,-50.41212314763202,-29.24636681626509,-20.992819035755037
2002-04-12,6.221838700645478,-49.54132694823727,-28.19269747834639,-19.104013038070722
2002-04-13,5.950073761847903,-49.06969394464936,-28.432961885343932,-19.47888091196566
2002-04-14,6.162577262748481,-49.94936528555543,-29.189102404212687,-19.052087265004918
2002-04-15,6.981658235623067,-49.592582102769526,-29.696763043008637,-19.45955778190077
2002-04-16,7.6384236463901924,-49.51900067891231,-29.14318491325638,-19.2269313348442
2002-04-17,8.693612066760572,-49.60677389792941,-29.416777555425266,-20.156905432975037
2002-04-18,8.326863141165035,-50.23627140364444,-30.312642624186775,-20.283870411971577
2002-04-19,8.430860666557411,-48.669150827819585,-30.155990746418112,-20.333045068841038
2002-04-20,9.549105382552005,-49.26793634215865,-31.054958581005906,-18.381602916394247
2002-04-21,11.057408798071943,-48.80310927678289,-30.667562823098205,-20.09345562199561
2002-04-22,11.469376855969756,-48.042981374541036,-29.828366459085405,-20.986217780916355
2002-04-23,12.997529020186956,-47.796975384080795,-29.559302560409208,-19.545697474818425
2002-04-24,11.376517660223064,-48.591921450563014,-29.552523092264366,-19.5206789052794
2002-04-25,12.352228337436795,-48.45279542429291,-30.355760032415105,-21.775066610057802
2002-04-26,11.59262027368965,-48.268369038123296,-28.97912226083154,-21.080215332822995
2002-04-27,12.006012863985724,-46.58197177291369,-28.495708311413534,-20.018795208474796
2002-04-28,12.6560974100928,-45.595250365303635,-29.32330363323243,-19.556057947913974
2002-04-29,14.84471670614046,-44.65500306066996,-27.54797131964397,-19.0523871272878
2002-04-30,15.064091483340485,-43.675507935554535,-27.815225608486312,-18.460109468924088
2002-05-01,14.419288995075984,-43.094329230839804,-29.238574982175052,-18.76733020963236
2002-05-02,14.817076993412803,-44.37047294004229,-29.287405784292734,-17.772383435098416
2002-05-03,14.66422122738735,-44.21940618132492,-31.690129094257497,-19.64151040058799
2002-05-04,14.46694846738285,-43.58992287204044,-31.814509689501236,-21.507092937810395
2002-05-05,15.09656178391115,-44.75504174287044,-29.782864329873465,-21.625468380604122
2002-05-06,14.626972872401872,-44.31951543643462,-29.23414633559341,-21.96450799491011
2002-05-07,12.973130532521658,-43.16058892328379,-29.70312555274089,-23.376408672343334
2002-05-08,12.863686160063127,-44.78987199473757,-28.56468157443326,-24.135958441447787
2002-05-09,12.821760486008234,-45.026360890346844,-29.369406585767543,-24.969402759357166
2002-05-10,12.218575521933838,-44.429747288522975,-27.544049393309017,-25.738017691305988
2002-05-11,12.293852355095959,-44.434124839301,-26.897993181386646,-22.16334301520064
2002-05-12,13.285322814313673,-44.62708807729489,-26.75224683168949,-22.55329890630833
2002-05-13,14.87849080271703,-43.938691803965185,-25.765715134549282,-22.271695458555392
2002-05-14,14.456333801480232,-43.47950679473917,-26.653024971434842,-22.446954267949902
2002-05-15,13.7072350493407,-43.39352337293706,-26.457152761465355,-21.546591003950695
2002-05-16,13.708264630786704,-44.06188013107977,-26.736392393242223,-22.254435894148177
2002-05-17,13.440943502287425,-44.99551487077335,-27.251192664773097,-20.083098380023454
2002-05-18,13.251814772747535,-44.47248147905579,-27.09994341096132,-20.48973557310988
2002-05-19,13.54843018228567,-42.87953218116077,-29.03325282877425,-19.766834790460376
2002-05-20,15.112102609934961,-44.08537305680353,-26.773000591707394,-20.061534849635102
2002-05-21,14.294885607460651,-44.50549955627447,-26.021721114873873,-19.452314209470735
2002-05-22,15.049241479429465,-44.73382323677773,-25.386212854478874,-20.440021501645152
2002-05-23,14.245504248376957,-45.211251902182546,-25.319334329949864,-18.709445382987848
2002-05-24,15.61883853302809,-44.974068348963115,-26.66924104960951,-18.71174515505973
2002-05-25,14.74692273516705,-46.594496548262306,-25.221497987393008,-17.854205319959497
2002-05-26,15.006879950017849,-46.18343035211941,-26.461559297329444,-16.44828593038643
2002-05-27,16.96542399239065,-46.38366539363248,-27.089066404744436,-17.409202594284217
2002-05-28,16.664278079565268,-45.74003257785766,-27.403567217173215,-16.696346828019788
2002-05-29,16.431415537559438,-45.52657291047611,-29.606416247499123,-17.457303111603885
2002-05-30,16.634311752418018,-45.37449958657689,-31.282850205913125,-17.463674301115965
2002-05-31,16.377521932522953,-45.841295477307405,-30.82099195662737,-16.004274019511126
2002-06-01,16.63391891928792,-47.093496664355776,-30.681867248211688,-16.844458777208022
2002-06-02,16.592224261581627,-48.03671429696578,-29.542310465029985,-16.11167545324554
2002-06-03,18.64389989528983,-46.860278949074925,-29.569512992725148,-15.683800124724447
2002-06-04,17.691023513982447,-47.16582462588083,-29.36157662059093,-15.841050789344974
2002-06-05,17.705474859513483,-48.099689197490925,-29.043466250901297,-16.393415580324323
2002-06-06,19.28000575724621,-47.99068391203096,-29.444855093445863,-15.747044382479144
2002-06-07,17.39578359043018,-48.94532060542626,-30.561131905150447,-14.725208252482485
2002-06-08,17.881268746701753,-49.142755694282265,-30.016991800828734,-15.898966107671844
2002-06-09,18.955856048465964,-48.87544166933234,-29.426939480698366,-16.664334214550898
2002-06-10,18.82603120730751,-47.38454937665197,-28.08024098664073,-15.308617745437704
2002-06-11,17.587542217044184,-47.94021470094897,-29.487654724720045,-13.813462444869693
2002-06-12,18.152906797991744,-47.237869368767605,-29.1619897898997,-12.052976608572788
2002-06-13,16.959244029961024,-48.11142130068884,-31.043765303239372,-10.467546224260703
2002-06-14,18.39653339708298,-48.34832754076403,-32.08793808317106,-11.25531705559504
2002-06-15,18.6209232860443,-49.962373863224876,-30.635881398321335,-11.444533268812057
2002-06-16,18.65134025036551,-48.74169287232713,-30.93929008206475,-9.366795741939407
2002-06-17,17.967572865102863,-48.03888526016972,-30.43544839120086,-12.050290073133977
2002-06-18,16.609099233373033,-48.30732046325645,-30.15899888048303,-12.277491327714108
2002-06-19,15.980974089481997,-48.84247873990521,-30.715668974239733,-13.204852861939344
2002-06-20,16.036630909966245,-48.88991545354962,-30.515415965149966,-13.51711300493767
2002-06-21,16.75367196100082,-49.61060792137416,-30.226726249804724,-12.416999798680408
2002-06-22,18.410570184361276,-49.63159119587706,-30.081784067547066,-12.77439846021257
2002-06-23,18.425506510881412,-51.14898961932485,-29.27886800079683,-11.856980221269815
2002-06-24,16.91640118705612,-49.62244440091352,-30.12958095510098,-11.752169159315867
2002-06-25,16.33734161313411,-49.94759932516718,-31.028235805684318,-11.159261322596393
2002-06-26,16.90251186481075,-49.114939186018844,-31.82275808584601,-12.697161942353347
2002-06-27,16.38816114267273,-51.483689101699696,-30.83351602580495,-13.499487067882955
2002-06-28,16.655100379682924,-50.386665003531725,-30.904995279878563,-14.151913331955965
2002-06-29,18.08701145263096,-51.86738118583327,-30.678342181737698,-14.144156596479126
2002-06-30,16.875647350293278,-51.64997197302381,-29.25995985721068,-12.93250478088929
2002-07-01,16.21178625489169,-51.559035801874,-29.009453828691736,-12.271515862437886
2002-07-02,18.13215616003876,-53.06722551797303,-28.84920150658438,-11.99368680583661
2002-07-03,16.581569461551453,-54.5326006986369,-28.74555647040239,-11.407942448505953
2002-07-04,17.12448622328484,-55.745252669031395,-28.052468265739584,-12.00579242938282
2002-07-05,16.16489973534554,-55.23554765915663,-28.67182727090617,-12.500887492953348
2002-07-06,16.571337434294087,-56.27557453140345,-28.845399830919103,-12.974860628098098
2002-07-07,16.058824647719778,-56.16695726659048,-28.42951097777431,-12.057604042686485
2002-07-08,18.46589252234561,-55.206906965464505,-29.802718331541072,-11.920733372153302
2002-07-09,18.012749508482397,-54.49673612414679,-29.52262250256578,-12.102225473026714
2002-07-10,17.804641416167552,-54.811633732289046,-29.8957987585715,-11.22569832416414
2002-07-11,18.006879886782862,-55.28624227098383,-30.560215722808927,-10.352753739609787
2002-07-12,17.989341147599422,-56.46127101853256,-32.317705494391994,-11.162883132983668
2002-07-13,17.59031960668456,-56.48098531961089,-31.337439796146704,-12.947462710705157
2002-07-14,15.797605116097346,-56.48714853377696,-31.283192581184075,-15.515391426655356
2002-07-15,17.968320020971333,-55.19097187314675,-32.47213517589057,-16.10955290469716
2002-07-16,16.87378360310973,-53.86281392431794,-33.216796329846694,-16.763030096717813
2002-07-17,17.064886590818528,-53.102684010956324,-33.464157881294035,-15.907445304318392
2002-07-18,17.194682165429867,-52.3775291173574,-33.58845001360251,-16.21467856269485
2002-07-19,17.39606373033448,-51.91791420060081,-34.1764071361681,-14.993084449565371
2002-07-20,19.199322634256376,-51.385496979450465,-33.20445654554763,-13.31086563281524
2002-07-21,16.79666440667809,-51.929905151084924,-32.76070306000323,-13.191937374159423
2002-07-22,16.281111805521054,-53.30727611774032,-33.77277050914028,-13.468694740092609
2002-07-23,14.712910330916328,-52.960189617017306,-33.266564803356026,-13.519356739817043
2002-07-24,13.936100944635086,-52.38743769481303,-32.11174175709998,-13.571603472888855
2002-07-25,13.286184367672158,-53.01311890102789,-32.701944456313065,-12.67131745791129
2002-07-26,13.362600555816266,-51.51957858749634,-34.32141821919863,-11.347579169692066
2002-07-27,14.90868272149643,-50.31889520734201,-35.39371382453001,-10.971753187695933
2002-07-28,14.628417593798455,-53.07962688617154,-35.52855089387547,-10.04995258862363
2002-07-29,15.181108090923388,-54.74464506530043,-36.81210816621008,-10.986924184695075
2002-07-30,15.603952572957729,-54.407277917966695,-37.03804516049206,-9.757130154073634
2002-07-31,14.6018114636552,-56.048348039238356,-37.32269527247962,-9.09458194887591
2002-08-01,13.560815333079697,-56.096707471342086,-35.83470054181035,-9.615748067523093
2002-08-02,13.194867050977253,-57.426187713837614,-35.33407738718137,-10.119132513492543
2002-08-03,13.141256623532378,-56.598551127950614,-36.28032289147249,-10.766752393320894
2002-08-04,12.912267488654324,-54.79580230448686,-35.52533196602906,-10.592117901489527
2002-08-05,12.962266069281554,-54.37608654703738,-37.58870990891583,-10.639345648878933
2002-08-06,13.212298206257858,-55.13815994521603,-38.040837492322105,-9.579937426618793
2002-08-07,13.62941294573899,-54.911878219280574,-35.49545836924398,-9.872476526895143
2002-08-08,14.204976490023029,-54.8980003112428,-37.313601264968,-7.747718702554007
2002-08-09,13.297309994128154,-54.89932536092993,-38.23087615119749,-7.532556165845518
2002-08-10,12.438089597982458,-55.89534542222299,-39.073321376636294,-7.500315076080324
2002-08-11,14.204810237689017,-54.57286583191964,-37.61903708269677,-7.456683661974859
2002-08-12,14.351510351051372,-54.14999434457252,-37.57953799920606,-6.466525697910738
2002-08-13,13.471495132506503,-54.75774501898253,-39.15444747860714,-6.980966374935061
2002-08-14,12.206228610038846,-55.06030003117364,-36.96499721889935,-7.678255440681732
2002-08-15,13.208641934980442,-55.06535634942994,-36.67468893237954,-7.5004555214118245
2002-08-16,12.668313856723787,-54.192523685701275,-36.38256683975137,-8.405551298489227
2002-08-17,12.408709004895261,-55.5960996249699,-35.86479624880045,-8.36299389836351
2002-08-18,11.99056280026431,-55.93753537351558,-37.54536682938294,-8.261979068860878
2002-08-19,12.643063550237489,-55.48265444802464,-37.867252136098564,-8.353315016630077
2002-08-20,12.529418746276725,-55.15907744950818,-37.54956004375089,-8.370622119419982
2002-08-21,12.13746660422382,-54.481601498625324,-36.93691987422158,-8.761482002676187
2002-08-22,11.946221439961372,-54.45920401751467,-37.56265147431537,-8.494895777254385
2002-08-23,12.80763725834883,-54.52470817444877,-37.470846646775705,-9.267135554392985
2002-08-24,12.365703379321818,-55.70407203555661,-37.793661730209394,-10.99465546922805
2002-08-25,11.885052902735035,-56.85812969854886,-38.85652086180045,-11.226501389089794
2002-08-26,11.218587209693752,-58.183809626112954,-38.561534220524976,-10.384039735992253
2002-08-27,10.624231200357043,-57.76079445814133,-39.34674558188985,-9.378044496158253
2002-08-28,10.461603188900558,-58.774449017237565,-40.18064743371555,-7.5671655302571725
2002-08-29,11.444612321364191,-58.346291653223176,-41.97700603946946,-4.867933160036182
2002-08-30,10.763388756058271,-57.566485457478585,-42.70987359511036,-6.19706095152505
2002-08-31,10.934643696184768,-56.991025934139806,-42.681130356105754,-7.278236679324456
2002-09-01,10.406684302855345,-58.44071867707106,-43.73836702660503,-8.147416856060515
2002-09-02,12.428108086335433,-58.03544975192368,-45.99123345833351,-7.7585006659211775
2002-09-03,11.818650943998197,-58.84410022520434,-45.43146523616843,-7.703119141724923
2002-09-04,11.312803243654566,-58.27861539110625,-45.65134912857498,-6.641977235690888
2002-09-05,11.732199207926135,-58.5539017561114,-45.25577067374373,-5.882948556346354
2002-09-06,11.596163575739496,-59.168266747274785,-46.60097908637059,-6.669320318561745
2002-09-07,11.1098029453176,-61.08033259378739,-47.24857984206892,-9.363887457171813
2002-09-08,12.278545859651505,-60.66759183832559,-46.29557673145023,-9.976097237345869
2002-09-09,12.641052299198833,-59.81108123277863,-46.22464743048243,-11.167365519420054
2002-09-10,12.838844140690275,-59.62153641271736,-45.270659556990914,-12.92866195591842
2002-09-11,12.784705024608982,-60.52952486097564,-44.93600907488495,-14.52985128217484
2002-09-12,11.046128229801552,-61.546351138467486,-46.50567071259098,-12.92600839890027
2002-09-13,13.265619981215263,-59.94437986187603,-46.937404385242665,-13.51496796218098
2002-09-14,12.531676928915125,-60.59835099696123,-47.151030127403956,-13.796652623666985
2002-09-15,12.14630696425543,-60.33855579961147,-46.893298792856655,-14.056927195700924
2002-09-16,12.837951606879844,-59.194888725367065,-48.7301147655339,-15.030836586841568
2002-09-17,13.698849796589782,-59.001592991620576,-48.20186022922332,-15.18476791618662
2002-09-18,14.071444088401451,-58.52000676330607,-49.22063411400639,-15.855610267739015
2002-09-19,13.970309980358774,-57.82631218044649,-47.540979513892886,-18.782649941895663
2002-09-20,14.113507910142028,-58.08417707487539,-46.16144247005943,-20.37264920404073
2002-09-21,15.20204624142829,-58.464722895432544,-44.653176923908106,-20.908058478487263
2002-09-22,14.58120427322317,-58.51094101238191,-44.301278928531,-20.192420437554755
2002-09-23,15.032246892874019,-57.15711316623097,-45.029559513264736,-19.91725292735415
2002-09-24,16.40978934699516,-57.91105843018773,-46.033410957204765,-20.83980408006262
2002-09-25,17.207836852311672,-57.984330571542166,-45.378447776873095,-20.684787786691786
2002-09-26,17.00945159809105,-56.604951309269204,-44.59065553033906,-20.51607738857644
